Workbook

Sheet Start_Here
A1: Lab 1 - Use Copilot in Excel to create an SPC review
A2: Time | B2: 25 minutes
A3: Goal | B3: Use Copilot in Excel to create a first draft, then verify one result yourself.
A4: 1 | B4: Open Pump_Readings and click any cell in the named table PumpReadings.
A5: 2 | B5: Open Copilot in Excel from the ribbon or Copilot button.
A6: 3 | B6: Open Copilot_Prompt, copy the prompt, paste it into Copilot, and submit.
A7: 4 | B7: Inspect the generated table, formulas, chart or summary.
A8: 5 | B8: Verify T10 = 59.4 L/h against the calculated LCL. A point below the LCL is a signal to investigate, not a diagnosis.
A9: Support | B9: https://support.microsoft.com/en-us/office/get-started-with-copilot-in-excel
A10: Notice | B10: Synthetic classroom data. Copilot output is a draft; the engineer remains responsible for checking it.

Sheet Pump_Readings
A1: Test_ID | B1: Phase | C1: Delivery_L_h
A2: T01 | B2: Baseline | C2: 61.8
A3: T02 | B3: Baseline | C3: 62.1
A4: T03 | B4: Baseline | C4: 61.9
A5: T04 | B5: Baseline | C5: 62.2
A6: T05 | B6: Baseline | C6: 62
A7: T06 | B7: Baseline | C7: 61.7
A8: T07 | B8: Baseline | C8: 62.3
A9: T08 | B9: Baseline | C9: 62
A10: T09 | B10: Monitoring | C10: 59.6
A11: T10 | B11: Monitoring | C11: 59.4
A12: T11 | B12: Monitoring | C12: 62.1
A13: T12 | B13: Monitoring | C13: 59.5

Sheet Copilot_Prompt
A1: Copy this prompt into Copilot in Excel
A2: Act as an engineering data assistant. Use only the named Excel table PumpReadings. Use the eight Baseline rows to calculate the mean, sample standard deviation, UCL = mean + 3 x standard deviation, and LCL = mean - 3 x standard deviation. Flag each Monitoring row as Below LCL, Above UCL, or Within limits. Create a line chart of all 12 readings with the centre line, UCL and LCL. Return a three-sentence interpretation. Do not claim a root cause or that the pump is safe. Show the formulas used.
A3: Independent check
A4: Verify T10 = 59.4 L/h against the calculated LCL. A point below the LCL is a signal to investigate, not a diagnosis.
A5: Expected draft
A6: A baseline mean near 62.0 L/h, calculated limits, three low monitoring signals (T09, T10 and T12), and a short cautious interpretation.
A8: RISE prompt builder | B8: What this part does
A9: R - Role | B9: Engineering data assistant
A10: I - Input | B10: Only PumpReadings; eight Baseline and four Monitoring rows
A11: S - Steps | B11: Calculate mean, standard deviation and limits; flag rows; create chart
A12: E - Expectations | B12: Show formulas; three sentences; no root-cause or safety claim

Sheet SPC_Output
A1: Metric | B1: Formula / result
A2: Baseline mean | B2: =AVERAGE(Pump_Readings!C2:C9) -> 62
A3: Baseline sample standard deviation | B3: =STDEV(Pump_Readings!C2:C9) -> 0.2
A4: UCL | B4: =B2+3*B3 -> 62.6
A5: LCL | B5: =B2-3*B3 -> 61.4
A7: Test_ID | B7: Phase | C7: Delivery_L_h | D7: Centre_Line | E7: UCL | F7: LCL | G7: Signal
A8: =Pump_Readings!A2 -> T01 | B8: =Pump_Readings!B2 -> Baseline | C8: =Pump_Readings!C2 -> 61.8 | D8: =$B$2 -> 62 | E8: =$B$4 -> 62.6 | F8: =$B$5 -> 61.4 | G8: =IF(B8="Baseline","Reference",IF(C8<F8,"Below LCL",IF(C8>E8,"Above UCL","Within limits"))) -> Reference
A9: =Pump_Readings!A3 -> T02 | B9: =Pump_Readings!B3 -> Baseline | C9: =Pump_Readings!C3 -> 62.1 | D9: =$B$2 -> 62 | E9: =$B$4 -> 62.6 | F9: =$B$5 -> 61.4 | G9: =IF(B9="Baseline","Reference",IF(C9<F9,"Below LCL",IF(C9>E9,"Above UCL","Within limits"))) -> Reference
A10: =Pump_Readings!A4 -> T03 | B10: =Pump_Readings!B4 -> Baseline | C10: =Pump_Readings!C4 -> 61.9 | D10: =$B$2 -> 62 | E10: =$B$4 -> 62.6 | F10: =$B$5 -> 61.4 | G10: =IF(B10="Baseline","Reference",IF(C10<F10,"Below LCL",IF(C10>E10,"Above UCL","Within limits"))) -> Reference
A11: =Pump_Readings!A5 -> T04 | B11: =Pump_Readings!B5 -> Baseline | C11: =Pump_Readings!C5 -> 62.2 | D11: =$B$2 -> 62 | E11: =$B$4 -> 62.6 | F11: =$B$5 -> 61.4 | G11: =IF(B11="Baseline","Reference",IF(C11<F11,"Below LCL",IF(C11>E11,"Above UCL","Within limits"))) -> Reference
A12: =Pump_Readings!A6 -> T05 | B12: =Pump_Readings!B6 -> Baseline | C12: =Pump_Readings!C6 -> 62 | D12: =$B$2 -> 62 | E12: =$B$4 -> 62.6 | F12: =$B$5 -> 61.4 | G12: =IF(B12="Baseline","Reference",IF(C12<F12,"Below LCL",IF(C12>E12,"Above UCL","Within limits"))) -> Reference
A13: =Pump_Readings!A7 -> T06 | B13: =Pump_Readings!B7 -> Baseline | C13: =Pump_Readings!C7 -> 61.7 | D13: =$B$2 -> 62 | E13: =$B$4 -> 62.6 | F13: =$B$5 -> 61.4 | G13: =IF(B13="Baseline","Reference",IF(C13<F13,"Below LCL",IF(C13>E13,"Above UCL","Within limits"))) -> Reference
A14: =Pump_Readings!A8 -> T07 | B14: =Pump_Readings!B8 -> Baseline | C14: =Pump_Readings!C8 -> 62.3 | D14: =$B$2 -> 62 | E14: =$B$4 -> 62.6 | F14: =$B$5 -> 61.4 | G14: =IF(B14="Baseline","Reference",IF(C14<F14,"Below LCL",IF(C14>E14,"Above UCL","Within limits"))) -> Reference
A15: =Pump_Readings!A9 -> T08 | B15: =Pump_Readings!B9 -> Baseline | C15: =Pump_Readings!C9 -> 62 | D15: =$B$2 -> 62 | E15: =$B$4 -> 62.6 | F15: =$B$5 -> 61.4 | G15: =IF(B15="Baseline","Reference",IF(C15<F15,"Below LCL",IF(C15>E15,"Above UCL","Within limits"))) -> Reference
A16: =Pump_Readings!A10 -> T09 | B16: =Pump_Readings!B10 -> Monitoring | C16: =Pump_Readings!C10 -> 59.6 | D16: =$B$2 -> 62 | E16: =$B$4 -> 62.6 | F16: =$B$5 -> 61.4 | G16: =IF(B16="Baseline","Reference",IF(C16<F16,"Below LCL",IF(C16>E16,"Above UCL","Within limits"))) -> Below LCL
A17: =Pump_Readings!A11 -> T10 | B17: =Pump_Readings!B11 -> Monitoring | C17: =Pump_Readings!C11 -> 59.4 | D17: =$B$2 -> 62 | E17: =$B$4 -> 62.6 | F17: =$B$5 -> 61.4 | G17: =IF(B17="Baseline","Reference",IF(C17<F17,"Below LCL",IF(C17>E17,"Above UCL","Within limits"))) -> Below LCL
A18: =Pump_Readings!A12 -> T11 | B18: =Pump_Readings!B12 -> Monitoring | C18: =Pump_Readings!C12 -> 62.1 | D18: =$B$2 -> 62 | E18: =$B$4 -> 62.6 | F18: =$B$5 -> 61.4 | G18: =IF(B18="Baseline","Reference",IF(C18<F18,"Below LCL",IF(C18>E18,"Above UCL","Within limits"))) -> Within limits
A19: =Pump_Readings!A13 -> T12 | B19: =Pump_Readings!B13 -> Monitoring | C19: =Pump_Readings!C13 -> 59.5 | D19: =$B$2 -> 62 | E19: =$B$4 -> 62.6 | F19: =$B$5 -> 61.4 | G19: =IF(B19="Baseline","Reference",IF(C19<F19,"Below LCL",IF(C19>E19,"Above UCL","Within limits"))) -> Below LCL
