Workbook

Sheet Start_Here
A1: Lab 1 - Use Copilot in Excel to create an FMEA review
A2: Time | B2: 20 minutes
A3: Goal | B3: Use Copilot in Excel to create a first draft, then verify one result yourself.
A4: 1 | B4: Open FMEA_Input and click any cell in the named table FMEAInput.
A5: 2 | B5: Open Copilot in Excel from the ribbon or Copilot button.
A6: 3 | B6: Open Copilot_Prompt, copy the prompt, paste it into Copilot, and submit.
A7: 4 | B7: Inspect the generated table, formulas, chart or summary.
A8: 5 | B8: Verify FM01: 7 x 5 x 4 = 140. Also verify that FM04 is flagged because Severity = 9 even though its RPN is lower.
A9: Support | B9: https://support.microsoft.com/en-us/office/get-started-with-copilot-in-excel
A10: Notice | B10: Synthetic classroom data. Copilot output is a draft; the engineer remains responsible for checking it.

Sheet FMEA_Input
A1: ID | B1: Function | C1: Failure_Mode | D1: Effect | E1: Possible_Cause | F1: Current_Control | G1: Severity | H1: Occurrence | I1: Detection
A2: FM01 | B2: Deliver liquid | C2: Low delivery | D2: Incorrect dose | E2: Restricted strainer | F2: Delivery test | G2: 7 | H2: 5 | I2: 4
A3: FM02 | B3: Start pump | C3: Pump does not start | D3: No delivery | E3: Power interruption | F3: Start check | G3: 8 | H3: 3 | I3: 3
A4: FM03 | B4: Measure flow | C4: Incorrect flow reading | D4: Wrong adjustment | E4: Sensor drift | F4: Calibration check | G4: 6 | H4: 4 | I4: 5
A5: FM04 | B5: Contain liquid | C5: Connection leaks | D5: Exposure and loss of containment | E5: Loose fitting | F5: Visual inspection | G5: 9 | H5: 2 | I5: 5

Sheet Copilot_Prompt
A1: Copy this prompt into Copilot in Excel
A2: Act as an FMEA facilitator. Use only the named Excel table FMEAInput and preserve every row and supplied rating. Create an FMEA output table, calculate RPN = Severity x Occurrence x Detection, rank the four rows from highest to lowest RPN, and flag any row with Severity 9 or higher. For each row, propose one evidence request and one practical follow-up action. Do not invent incidents, change ratings, or approve the design. Show the RPN formula.
A3: Independent check
A4: Verify FM01: 7 x 5 x 4 = 140. Also verify that FM04 is flagged because Severity = 9 even though its RPN is lower.
A5: Expected draft
A6: Four preserved failure modes, formula-based RPN values, a ranked priority, a severity flag, and evidence-focused actions.
A8: RISE prompt builder | B8: What this part does
A9: R - Role | B9: FMEA facilitator
A10: I - Input | B10: Only FMEAInput; preserve four rows and supplied ratings
A11: S - Steps | B11: Calculate RPN; rank; flag Severity 9+; propose evidence and action
A12: E - Expectations | B12: Show formula; do not invent incidents, ratings or approval

Sheet FMEA_Output
A1: ID | B1: Function | C1: Failure_Mode | D1: Effect | E1: Possible_Cause | F1: Current_Control | G1: Severity | H1: Occurrence | I1: Detection | J1: RPN | K1: Priority_Rank | L1: Review_Flag | M1: Evidence_Request | N1: Follow_Up_Action
A2: =FMEA_Input!A2 -> FM01 | B2: =FMEA_Input!B2 -> Deliver liquid | C2: =FMEA_Input!C2 -> Low delivery | D2: =FMEA_Input!D2 -> Incorrect dose | E2: =FMEA_Input!E2 -> Restricted strainer | F2: =FMEA_Input!F2 -> Delivery test | G2: =FMEA_Input!G2 -> 7 | H2: =FMEA_Input!H2 -> 5 | I2: =FMEA_Input!I2 -> 4 | J2: =G2*H2*I2 -> 140 | K2: =RANK(J2,$J$2:$J$5,0) -> 1 | L2: =IF(OR(G2>=9,J2>=100),"Review now","Review") -> Review now | M2: Confirm cause with inspection or records | N2: Assign an owner to check the stated evidence
A3: =FMEA_Input!A3 -> FM02 | B3: =FMEA_Input!B3 -> Start pump | C3: =FMEA_Input!C3 -> Pump does not start | D3: =FMEA_Input!D3 -> No delivery | E3: =FMEA_Input!E3 -> Power interruption | F3: =FMEA_Input!F3 -> Start check | G3: =FMEA_Input!G3 -> 8 | H3: =FMEA_Input!H3 -> 3 | I3: =FMEA_Input!I3 -> 3 | J3: =G3*H3*I3 -> 72 | K3: =RANK(J3,$J$2:$J$5,0) -> 4 | L3: =IF(OR(G3>=9,J3>=100),"Review now","Review") -> Review | M3: Confirm cause with inspection or records | N3: Assign an owner to check the stated evidence
A4: =FMEA_Input!A4 -> FM03 | B4: =FMEA_Input!B4 -> Measure flow | C4: =FMEA_Input!C4 -> Incorrect flow reading | D4: =FMEA_Input!D4 -> Wrong adjustment | E4: =FMEA_Input!E4 -> Sensor drift | F4: =FMEA_Input!F4 -> Calibration check | G4: =FMEA_Input!G4 -> 6 | H4: =FMEA_Input!H4 -> 4 | I4: =FMEA_Input!I4 -> 5 | J4: =G4*H4*I4 -> 120 | K4: =RANK(J4,$J$2:$J$5,0) -> 2 | L4: =IF(OR(G4>=9,J4>=100),"Review now","Review") -> Review now | M4: Confirm cause with inspection or records | N4: Assign an owner to check the stated evidence
A5: =FMEA_Input!A5 -> FM04 | B5: =FMEA_Input!B5 -> Contain liquid | C5: =FMEA_Input!C5 -> Connection leaks | D5: =FMEA_Input!D5 -> Exposure and loss of containment | E5: =FMEA_Input!E5 -> Loose fitting | F5: =FMEA_Input!F5 -> Visual inspection | G5: =FMEA_Input!G5 -> 9 | H5: =FMEA_Input!H5 -> 2 | I5: =FMEA_Input!I5 -> 5 | J5: =G5*H5*I5 -> 90 | K5: =RANK(J5,$J$2:$J$5,0) -> 3 | L5: =IF(OR(G5>=9,J5>=100),"Review now","Review") -> Review now | M5: Confirm cause with inspection or records | N5: Assign an owner to check the stated evidence
